sdk:driver:quit|0.5646000001579523
sdk:automate:hub-management|3680.6049999995157
sdk:driver:pre-initialization|1.5981000000610948
sdk:driver:get|2.967699999921024
sdk:setup|6791.431599999778
sdk:cli:on-bootstrap|47.89190000016242
sdk:cli:start|2.631099999882281
sdk:hook|31.34
sdk:driver:quit|0.25320000015199184
sdk:automate:hub-management|3650.024899999611
sdk:driver:pre-initialization|2.673899999819696
sdk:driver:get|4.053000000305474
sdk:setup|6264.699599999934
sdk:cli:on-bootstrap|26.494400000199676
sdk:cli:start|2.0708999997004867
sdk:hook|43.43
sdk:driver:quit|0.21549999993294477
sdk:automate:hub-management|3643.9077999992296
sdk:driver:pre-initialization|0.9152999995276332
sdk:driver:get|1.5196000002324581
sdk:setup|7067.23900000006
sdk:cli:on-bootstrap|27.38509999960661
sdk:cli:start|1.9205999998375773
sdk:hook|22.29
sdk:driver:quit|0.2629999993368983
sdk:automate:hub-management|3581.344800000079
sdk:driver:pre-initialization|1.3994000004604459
sdk:driver:get|3.654899999499321
sdk:setup|5044.840900000185
sdk:cli:on-bootstrap|25.79839999973774
sdk:cli:start|1.6386989997699857
sdk:hook|19.97
sdk:driver:quit|0.33559999987483025
sdk:automate:hub-management|3590.6580999996513
sdk:driver:pre-initialization|2.4571009995415807
sdk:driver:get|4.844699000008404
sdk:setup|5202.672801000066
sdk:cli:on-bootstrap|19.350000000558794
sdk:cli:start|1.020299999974668
sdk:hook|23.76
sdk:driver:quit|0.33719899971038103
sdk:automate:hub-management|3624.8479999992996
sdk:driver:pre-initialization|1.3907010005787015
sdk:driver:get|3.782700000330806
sdk:setup|5225.708300000057
sdk:cli:on-bootstrap|16.564500000327826
sdk:cli:start|1.0101009998470545
sdk:hook|22.12
